"ID","Nretwitted","orginalOrder","Nretweets"
"20mpromociones",18,1,1
"jmmartin20",0,2,1
"tenshinhan111",0,3,1
"listelilaines",0,4,1
"SoyActivista",75,5,67
"LEONBENAVENTETW",0,6,3
"radio3_rne",428,7,14
"andreiti",0,8,1
"OxfamIntermon",426,9,30
"roc_IO_Huelva",0,10,1
"lauraescu",0,11,1
"sitagold",0,12,1
"Heidiymas",2,13,1
"MParraj",0,14,1
"elebernaber",0,15,1
"DEMONLOVETOO",0,16,1
"MinDeFamiliar",1,17,2
"OI_Burgos",0,18,9
"secondmusic",66,19,8
"_Roberto_C_",0,20,2
"cuellox19",0,21,1
"MagazinSpecial",0,22,1
"carlosmahamud",0,23,2
"guanacateckel",0,24,1
"MBTotorika",0,25,11
"HabibaElMouali",0,26,1
"vforvolunteer",0,27,1
"CueroOficial",0,28,1
"lepetit_comite",0,29,1
"chariqui74",0,30,1
"Adelphos000",0,31,19
"lnamerino",0,32,1
"Yomiith",0,33,4
"DiegoCiller",2,34,7
"mhalfpast",0,35,1
"edumarblan",0,36,10
"ElenaIb2",0,37,35
"ismaelmuva",0,38,1
"SecondFanClub",1,39,26
"LaUtopiadeIrma",0,40,1
"pedrovqg",0,41,7
"oxfammexico",20,42,3
"jovenescausa",0,43,1
"intromusica_pro",24,44,8
"MaximoLario",28,45,3
"raquelozanog",0,46,1
"secondistas",3,47,12
"danielarigita",0,48,1
"anamss0975",0,49,1
"OIenAlicante",20,50,2
"xilimeme",0,51,4
"Manasperez",0,52,1
"jokinmer",2,53,0
"joseantoniobuzo",0,54,1
"ElenaArroyo91",0,55,1
"oxfam_es",61,56,1
"mdecastrosanz",0,57,1
"VictoriaAsh__",1,58,0
"LuciaBien",0,59,1
"Fran2nd",0,60,11
"Musincronizados",0,61,5
"oxfamRD",0,62,1
"johnnyzuri",1,63,0
"estupefalso",0,64,6
"sidonie_",38,65,5
"dodmagazine",1,66,0
"albicho_",2,67,0
"Corresponsables",0,68,1
"josemar273",0,69,1
"20m",35,70,0
"AnaMariaTerapia",0,71,1
"IkerJimenez80",0,72,1
"picara_93",0,73,1
"FuenteLety",0,74,1
"googlenewsspain",1,75,0
"jessenra",0,76,4
"lau_valero",1,77,8
"susochamorro",0,78,1
"Noex75",0,79,1
"pacoferama",0,80,1
"Apitxat",0,81,1
"manceraescobar",0,82,1
"LP_revista",0,83,1
"rocired",0,84,1
"celestenessier",0,85,1
"_estudiouno",0,86,2
"EAdireccion",0,87,1
"MariTriniGiner",13,88,9
"UnPocoIndecisa",0,89,1
"CabinaPOP",7,90,1
"TeatroBarcelo",27,91,27
"MarisaDBD",0,92,1
"PortoPar",0,93,1
"MissPope_",0,94,1
"arqrosafelix",0,95,1
"_DanielMad_",0,96,22
"DeliaLet",0,97,1
"d_blazquez",0,98,1
"GemaEsRo",0,99,1
"bloggarces",0,100,1
"VIRGINIAMO1",0,101,15
"basurama",0,102,1
"Dorian_Oficial",29,103,15
"carmencarazo",0,104,4
"bandbandfest",1,105,0
"OIaCat",0,106,1
"Estudios_54",0,107,1
"MyriamXir",0,108,2
"PabloLetarso",2,109,0
"QueHacerNMadrid",0,110,1
"adriblanhdez",0,111,1
"FelixEspoz",0,112,1
"julia_asecas",0,113,1
"aliprofesora",0,114,1
"MarianmygMarian",0,115,1
"torresolidario",0,116,1
"musicazul",77,117,2
"ticketea",4,118,1
"teclaultima",0,119,1
"Photoconcerts",13,120,14
"MarlangoOficial",24,121,7
"MyiPop",0,122,1
"JAVIERSOBRADO",0,123,1
"celisss",0,124,1
"mandarinix",0,125,9
"natxodelvalle",0,126,1
"RTVE_Com",0,127,1
"OIenMadrid",32,128,14
"Ana_Laponia",0,129,1
"BGorrochategui",0,130,1
"ccoomajadahonda",0,131,1
"MireRocket",0,132,1
"alfred_rm",0,133,2
"aleixsanmartin",0,134,1
"jeelen22",0,135,1
"enpositivo",0,136,1
"PinkHouseMgmt",1,137,0
"jarandrin",0,138,1
"PACOCHAMIZO",1,139,0
"AurelioBelandoM",0,140,1
"AMECOOP_",0,141,1
"EcotiendaMiriam",0,142,1
"mvillenag",0,143,1
"OITarragona",0,144,5
"Catweazl3",0,145,1
"albaasaez_",0,146,1
"vetustamorla",2,147,4
"MarioLopezUrban",3,148,0
"monricharte",0,149,1
"FJGalianoGarcia",0,150,4
"reflejo3c",0,151,8
"OIenPalma",0,152,2
"pepone34",0,153,1
"pelayoale",0,154,4
"OIenCoruna",0,155,2
"arctic_celia99",0,156,2
"radio5_rne",0,157,1
"ArgeliaQueralt",0,158,1
"LeonaySanzera",0,159,1
"julietaidiarte1",0,160,2
"stargardtpress",0,161,1
"LauraJ19",0,162,1
"Anitalacantaora",0,163,1
"xefosantapola",0,164,3
"goodwind1970",2,165,4
"francisco_jmd",0,166,1
"miadschaem",0,167,1
"jujohgo",0,168,1
"jaazcona",20,169,6
"4decidi2",0,170,1
"vinuales81",0,171,1
"dresponsable",0,172,1
"urdanguita",0,173,1
"ManelFerri",0,174,1
"deepbane",0,175,1
"aaadelarpe",0,176,2
"LeonorWatling1",0,177,3
"Maoparquet",0,178,1
"rodrguez_sc",0,179,1
"rub_lc",0,180,1
"Lauripide",0,181,6
"evoilusion",1,182,1
"MariaXMarino",0,183,1
"JoaquinVidosa",0,184,1
"NicolasNavaza",0,185,1
"aibe_group",0,186,1
"Adelataichi",0,187,1
"BcmMollet",0,188,1
"HerlofsMarte",0,189,1
"carsua6",0,190,1
"474ntx4",0,191,1
"Ruthy_russ",0,192,1
"OIenSevilla",3,193,1
"lolaT78",0,194,2
"Annibsweet",0,195,2
"MarxCopyright",0,196,3
"maitecrack",0,197,1
"campayocano",3,198,2
"vicentealbacond",0,199,2
"jhvitorio",1,200,1
"RobertoRGGT",1,201,0
"_UrbanMusik",0,202,1
"arwen_chan",0,203,1
"LlenoMusica",0,204,1
"A_r_t_i_st",0,205,2
"tere190",0,206,1
"Carlota_147",0,207,2
"harry_thewizard",0,208,1
"concienasturias",0,209,1
"PaulaSserrano",0,210,3
"FuturEnergy_",0,211,5
"FuturEnviro",0,212,5
"egidiotrujillo",0,213,2
"SinGENEROdDUDAS",0,214,1
"MorganBritosSL",0,215,2
"ARTEspectaculo",0,216,1
"tini_isa",0,217,1
"MumfordSonsSp",0,218,1
"HeisenbergPablo",0,219,1
"MarrGlez",2,220,2
"JavierJavoer",0,221,2
"YulianaVK",0,222,1
"PakitoIbz",0,223,4
"Turbo3r3",2,224,2
"juanentusiasmo",0,225,5
"reliesdecine",0,226,1
"EvaPTejero",0,227,1
"crisintromusica",5,228,3
"bhriossalcedo",0,229,1
"saraplazae",0,230,1
"VictorZeneize",0,231,1
"pablodelopez",0,232,1
"tinchipedia",0,233,1
"OI_Elche",6,234,1
"picotateam",0,235,1
"bdelabanda",1,236,0
"1977Jrf",0,237,1
"mrubiozavala",0,238,1
"AmorDander771",0,239,7
"jesus_rius",0,240,1
"oscarypan",0,241,2
"HCastelazo",1,242,0
"amy_tsunami",0,243,1
"javierastray",1,244,0
"JbHalliwell",0,245,1
"FMusol",0,246,1
"ileanaalberto",0,247,1
"isanisga",0,248,1
"Eliofriend80",0,249,7
"franxucarmona",0,250,6
"josemartin_1967",0,251,1
"kriptomana",0,252,2
"fagacomval",0,253,1
"AnaMontoroRomer",0,254,1
"Acarboner1",0,255,1
"MJRECUERO",0,256,1
"OIenDonostia",7,257,6
"Rosavieji1",0,258,1
"rgomezlabra",6,259,1
"filoreiki56",0,260,1
"REDCENTROSSG",0,261,1
"maricharky",1,262,0
"entrelanzando",0,263,1
"lexcayna",0,264,1
"TimeOutMAD",4,265,0
"VetustaMorlaGdl",0,266,1
"GemaMH",0,267,1
"Ra_h_c",1,268,15
"balvarezjimeno",0,269,2
"daneldog",0,270,1
"Patricia200705",0,271,1
"MAITELEAN",0,272,3
"unarocaflotando",0,273,1
"DelaF_estela",9,274,0
"secondcaramelos",0,275,4
"ramiques",0,276,1
"LeslyMezaSalas",0,277,1
"ModernaDePueblo",0,278,1
"lahelen1",0,279,1
"nachomargalan",0,280,2
"llolypop80",0,281,1
"FrancescMiroM",0,282,1
"AitorRamos18",0,283,1
"carlos_elipe",0,284,1
"Malismidad",0,285,1
"Radiomoet",0,286,1
"alucod",0,287,1
"neuronados",0,288,1
"Nulxx",0,289,1
"pedroltr",0,290,1
"ecabse",0,291,1
"nieves_malaga",0,292,1
"ElHexagonoR3",0,293,2
"Ampliandocampo",0,294,1
"EncarnaEsleiva",0,295,1
"MozAndIDoc",0,296,1
"tiacriso",0,297,1
"PachecoGema",0,298,2
"OIenNavarra",5,299,2
"LuNiTaaa26",0,300,6
"linosgreen",0,301,50
"VirginiaDiazR3",0,302,4
"JMCF68",0,303,1
"danidetuxe",0,304,1
"NinesRomeroDiaz",0,305,1
"OITrailwalker",0,306,3
"lornagrantville",0,307,1
"gemapatricia2",0,308,1
"PradaAngeles",0,309,1
"Granxeira",0,310,1
"laufeij",0,311,1
"lolagracia2",0,312,1
"xladyoflight",0,313,1
"Luci88web",5,314,5
"sabikilla",0,315,3
"mirolloelindie",0,316,1
"lau_tuitera",0,317,1
"lola_illice",0,318,1
"SaviaNueva2015",0,319,1
"Secondizado",0,320,7
"myyellowstone",0,321,2
"elenalaguarda",0,322,1
"asilgab",0,323,1
"gerardotc",0,324,2
"isaranjuez",0,325,3
"zinniaqc",17,326,3
"barmatal",0,327,1
"TeresaMontao",0,328,2
"BernabeBergi",0,329,1
"Im_CTO_bitch",1,330,0
"InkaInka09",0,331,1
"yahcono",0,332,1
"3756e8b1f0a741b",0,333,1
"BedmaMaria",0,334,1
"musicacronica",0,335,2
"JUAN3701",0,336,1
"196193Jose",0,337,1
"natael81",8,338,7
"Jorge2nd",0,339,5
"mgizquierdo",0,340,1
"CamyCalila",0,341,2
"emeDJ",8,342,6
"CasanuevLeon",0,343,1
"jgm201365",0,344,1
"clarcadi",0,345,1
"inmaislorien",0,346,4
"lepilla",0,347,1
"ElviraSMF",1,348,0
"ultimoapagueluz",0,349,1
"AntonioMengod",0,350,1
"DocMonchito",0,351,1
"Allsoundspromo",0,352,1
"NollaDulenta",0,353,1
"AlmudenaCai",0,354,1
"JordiCartagena",0,355,1
"LolillaMadrid",0,356,1
"LourdesArandaG",0,357,1
"BenignaSantp",0,358,1
"JosanLinares",0,359,1
"RafalitoMedina",0,360,1
"MontseFuengiro",0,361,1
"LetiziaPozas",0,362,1
"EseAlejandrito",0,363,1
"AsturianoMiki",0,364,1
"KikodeMadrid",0,365,1
"GemmaTarugo",0,366,1
"KirbyRechoncho",0,367,1
"_AlexKidd",0,368,1
"HapposaiMaster",0,369,1
"Mezzanos",0,370,1
"__Indalecio__",0,371,1
"LoliVallvidrera",0,372,1
"SamuDelPino",0,373,1
"CasalEnric",0,374,1
"ManuelVendrell",0,375,1
"LaChoniChachi",0,376,1
"NiLaPrimera",0,377,1
"AguadoAmanda",0,378,1
"YoliSenties",0,379,1
"AngelaSorianos",0,380,1
"MaridoDeTurno",0,381,1
"MeriSunyent",0,382,1
"EduardoGerona",0,383,1
"SusannaBarea",0,384,1
"AyusoGabriela",0,385,1
"EstebanSucio",0,386,1
"NataSevillana",0,387,1
"HerreraPepito",0,388,1
"JaimeAlquezar",0,389,1
"RafiAlbacete",0,390,1
"LuciGetafe",0,391,1
"UriarteAndreu",0,392,1
"InesitaCarnero",0,393,1
"AlbertoLleida",0,394,1
"AmeliaEstiarte",0,395,1
"AngelitaSalou",0,396,1
"MarioTarragona",0,397,1
"VaneBenidorm",0,398,1
"JuanilloZabala",0,399,1
"FannyMontoro",0,400,1
"CarlaSebo",0,401,1
"MaribiJerez",0,402,1
"EstherBenavento",0,403,1
"SandraBorell",0,404,1
"JuananDuarte",0,405,1
"ArdahAisha",0,406,1
"FrancisFonset",0,407,1
"SalvaMontmany",0,408,1
"EscolanoMiguel",0,409,1
"JulitoCoimbra",0,410,1
"EseJaviMedina",0,411,1
"LoreMallorca",0,412,1
"ElGoicoechea",0,413,1
"JeroPalencia",0,414,1
"NataliaSotillo",0,415,1
"TuCantimplora",0,416,1
"NoyDulent",0,417,1
"SofiGuadiana",0,418,1
"JorgitoHuelva",0,419,1
"KatiaDalmau",0,420,1
"MatildeCisnero",0,421,1
"SinChola",0,422,1
"SamuelGaditano",0,423,1
"RobertoSegade",0,424,1
"JavierSaramago",0,425,1
"DaniBarranca",0,426,1
"ArantxaVizcaya",0,427,1
"ManoliGarrote",0,428,1
"MiriSaracosta",0,429,1
"EvaCospedal",0,430,1
"MariMarSota",0,431,1
"CarmelaCepeda",0,432,1
"BertoBadajoz",0,433,1
"DiegoVaqueros",0,434,1
"NayaraDonoso",0,435,1
"YngridPulido",0,436,1
"EvitaCeuta",0,437,1
"ArtigasJaimito",0,438,1
"EmilitoCuenca",0,439,1
"JuanPedroSalou",0,440,1
"DaniMolinaSosa",0,441,1
"CarmeloSevilla",0,442,1
"JuanjoArriate",0,443,1
"BertoJerez",0,444,1
"AntoineTortazo",0,445,1
"RobertoEscoria",0,446,1
"El_Sandalio",0,447,1
"CastasMaribel",0,448,1
"VigoManolito",0,449,1
"JosefitaSancho",0,450,1
"AmadouMelilla",0,451,1
"RositaMelilla",0,452,1
"Mar_GarciaRuiz",0,453,1
"dabejulia",0,454,1
"rockelectropop",0,455,2
"carloscabras",0,456,1
"UpsideDown_Com",0,457,1
"MariaysuMundo",3,458,0
"jmijarra",5,459,4
"Vifmas",0,460,1
"Molly_Market",0,461,1
"RafaAparisi",0,462,1
"guiadelocio",3,463,0
"AfterworkMad",0,464,1
"QueverenMadrid",0,465,1
"PlazaCallao",0,466,1
"alfobur3",0,467,1
"OxfamVitoria",1,468,0
"AlcantaraIker",0,469,1
"Novo1Amp",0,470,1
"FcoJLJ",0,471,1
"Carton77",0,472,1
"AnaLlames",0,473,2
"RForca",0,474,1
"ZonaVigilada",0,475,1
"_FBenito",0,476,1
"holamellamoboza",0,477,4
"ibai_fernandez",0,478,4
"ivansandovalmaz",0,479,1
"RiolAngel",0,480,1
"Planeta_Futuro",0,481,1
"JONJOSURIVAS",0,482,2
"elenanorabioso",0,483,1
"majomacg",0,484,1
"Madison1E1Frank",0,485,2
"madox2046",0,486,1
"sobradillo72",0,487,1
"vicenturix",0,488,1
"jero22ind",2,489,0
"TheNeoWorker",0,490,1
"Macarpe62",0,491,1
"SoCumm",0,492,1
"Naiaxau",0,493,1
"k8alberto",0,494,4
"mamaloli66",0,495,1
"_AlwaysCandy",0,496,1
"festicidas",0,497,1
"natladycotorra",0,498,2
"andreumarinlo10",0,499,1
"Gabrielopez2",0,500,3
"Sofialbg",0,501,1
"fanetin",0,502,1
"Torrealday",0,503,1
"lasemadora",0,504,1
"juliagalacho",0,505,1
"emocionycambio",0,506,1
"MartinRightOn",0,507,2
"HowardAna",0,508,2
"miguelangelster",0,509,2
"oscarmoran",0,510,2
"Sencilla_rareza",0,511,1
"borjauria",1,512,0
"MediaSiesta",1,513,1
"ArantzaLeal1",0,514,2
"C4MusicMGMT",15,515,16
"alicia_jimce",0,516,2
"marga_sumarme",0,517,1
"kaikuk",0,518,1
"OZKHARRI",0,519,1
"mirjam_martin",0,520,1
"CFOCarmenBoza",0,521,1
"En1Fila",1,522,0
"MiradaParlante",0,523,2
"Infanmusic",0,524,2
"mermisol",0,525,1
"MFIndie",1,526,1
"Captainmarquez",0,527,1
"emilipascual",0,528,1
"suarroyob",6,529,2
"oxfamnica",0,530,1
"noe_molina3",0,531,2
"franbeberino",0,532,1
"yonovoto60",0,533,1
"MFes63",0,534,4
"Srto_Danie",0,535,2
"paula_vivaz",0,536,1
"frida_herdez",0,537,1
"imanartist_tw",1,538,0
"crisdemartos",0,539,1
"SacraJaimez",0,540,1
"Jesuispurple",0,541,1
"maricarvidalsam",0,542,1
"Alimentaccion",0,543,1
"roby3tter",0,544,1
"Maria_LopFP",0,545,1
"ErnestParra1",0,546,1
"lasonoteca",0,547,2
"Caban0es",0,548,3
"mateoropero",0,549,1
"tetomachine",0,550,1
"_ManuelVicente",0,551,1
"fitomargarito",0,552,1
"Hermann250",0,553,1
"patrihpc",0,554,1
"ainarabm",0,555,1
"TabletFumigator",0,556,1
"CesarStMaria",5,557,15
"586ca1383e084c8",0,558,1
"framospalencia",0,559,1
"marta7po",0,560,1
"RodTxess",0,561,3
"MRIAMLA",0,562,1
"nobego82",0,563,1
"egofmez",0,564,1
"alta_fidelidad",0,565,1
"crustac",0,566,1
"MadridAndMusic",2,567,0
"mrocioguerrero",0,568,4
"ada_oliver",1,569,1
"MiguelRTato",0,570,1
"ali_karamazov",0,571,1
"jmmacmartin",8,572,1
"JoseCamposMD",0,573,1
"miriamalvarez",0,574,1
"yozen73",0,575,86
"pepemari1960",0,576,8
"marca_de_agua",0,577,1
"lidiaaru___",0,578,1
"danielet13",0,579,1
"Joaquin9Kiko",0,580,1
"wilma_lorenzo",1,581,0
"SLunaCs",3,582,2
"Cris_arc",0,583,1
"jm1cano",0,584,1
"ireneee_92",1,585,1
"JPMadrid1",0,586,1
"Radio3Extra",2,587,0
"JoseSanPa",4,588,0
"PalabraVoyeur",0,589,1
"KikeBallesteros",0,590,1
"begovf",1,591,0
"miharellano",2,592,0
"Pe_barrero",1,593,0
"Fenix_Anna",1,594,2
"ber_quiroz",1,595,1
"carlabuiza",0,596,1
"Xamps82",2,597,0
"Mernissi",20,598,2
"CrisRF",2,599,0
"HET2_Radio3",3,600,0
"anavillegas201",0,601,1
"Always_Loop",1,602,0
"soysastre",4,603,0
"maganado",1,604,3
"pabloTorrecilla",0,605,1
"jacoboserra",2,606,1
"carracachin",0,607,3
"cesaldinho",7,608,0
"ElHombreLuna",58,609,0
"cdefez2",0,610,1
"Miryam1968",0,611,2
"hirondelle_",0,612,1
"CICODEMelilla",0,613,1
"RequenaAguilar",0,614,1
"sindolafuente",4,615,0
"JavierGod",0,616,1
"GuillnMaria",0,617,1
"maicahj",1,618,2
"Inrabanda",0,619,1
"jautran",0,620,1
"irragz",0,621,1
"Cristrinaranjus",1,622,0
"3millsdj",2,623,0
"Consupi_h",0,624,1
"beniluna",0,625,3
"susdeharo",0,626,1
"claseate",1,627,0
"raullop77451156",2,628,0
"dmanzano1971",1,629,0
"colegioSASR",0,630,2
"sermodo",0,631,1
"EnriqueGLlamas",1,632,0
"dlumvil",1,633,0
"Raquelmini_",0,634,1
"Gabriela_Schz",2,635,0
"Luizycontando",0,636,1
"joseamesa",0,637,2
"lassorey",0,638,1
"davidmg33",15,639,0
"hirensg",0,640,1
"CPodemosAguilas",6,641,0
"juanitaluneando",0,642,1
"carballosa14",0,643,1
"Nuriywa",0,644,1
"BlazquezJuani",0,645,2
"kikesanse",1,646,0
"jehchechu",0,647,1
"PijamadeCuadros",0,648,1
"jvaldiviagarcia",1,649,0
"jesther77",2,650,0
"01rubita",0,651,1
"USofCydonia",0,652,2
"lourdes_pelaez",0,653,2
"simeimportaORG",7,654,0
"VOrtCam",0,655,2
"SayitaSol",6,656,2
"Sergiozurtes",0,657,2
"_MADtime",6,658,1
"prefieromadrid",0,659,2
"RaMGoN",5,660,0
"AnaArce_",0,661,1
"Victorgracia97",0,662,1
"rafaeljimenezn",0,663,2
"ainamasgrau",0,664,1
"marcogimenez89",0,665,1
"rochdavidoff",0,666,1
"kafkaenlaorilla",0,667,1
"lovemusikweb",0,668,1
"anaguerico",0,669,1
"chepolit",1,670,0
"OscarAbouKassem",3,671,0
"danielmp93",0,672,2
"cachitos_tve",12,673,1
"AnabelJudith",0,674,1
"gomaria82",2,675,10
"ToniCuevaN",0,676,1
"miguelfical",9,677,0
"Seden_Mp",5,678,0
"Lupafeba",4,679,22
"susovasi",1,680,0
"lialopez01",2,681,0
"RachelMarBe",0,682,2
"tururutwi",1,683,0
"bacorellelopez",0,684,2
"pau_dream",5,685,1
"AIDMUR",0,686,1
"MeGustasLibre",0,687,1
"javiaguilarlaz",2,688,1
"_MariaJimenez8",0,689,5
"calcazar30",0,690,1
"BonaNitBCN",0,691,1
"hsmiguel81",0,692,1
"eduardtorrestv",1,693,0
"virdelaplaza",1,694,0
"Miguel_AGH",1,695,1
"BlackWar_Ninja",0,696,2
"hopetarragona",0,697,1
"rociostv",2,698,2
"Coordenadas_R3",5,699,1
"MamenPg_",0,700,1
"dandain17",0,701,1
"fernandoguil98",0,702,2
"gemiss13",0,703,1
"Sanfer_Ana",0,704,4
"bsimavilla",0,705,5
"CriS_tiNa_86",0,706,1
"mfcantero",0,707,2
"_pilimartin",1,708,0
"marvazyo",0,709,7
"haciendolagansa",0,710,1
"CaleroJoana",0,711,1
"Veromaggi",0,712,1
"reixel_burriana",2,713,1
"ivandaponte",2,714,1
"ByChanchi",1,715,0
"medjszgz",1,716,0
"Letrasenelvagon",1,717,0
"vuelofenix_r3",5,718,0
"kelmabizen84",0,719,1
"OIenHuelva",0,720,1
"Elenaa_LF",0,721,1
"LuisManuelVerde",0,722,1
"l0ck0",0,723,2
"EvaMassia",0,724,2
"OscarH",0,725,1
"maitegijon",0,726,1
"PoderiusMarius",0,727,1
"GGarcya95",0,728,1
"jonoe2",0,729,1
"BlondePoulain",1,730,0
"AlbertoFondo",5,731,0
"daviderredrojas",0,732,1
"martinortega10",0,733,1
"danisesena",0,734,1
"Moi_F_A",0,735,1
"Alberto_Pasarin",0,736,1
"sergiobguerrero",0,737,1
"tengo1proposito",0,738,4
"lorimeyersband",1,739,1
"jgmiralles",2,740,3
"Jesu_Beato",0,741,1
"MarinaBicho",0,742,1
"joseepcu",0,743,1
"narcivalderas",0,744,1
"mahonerobber",0,745,2
"AlexBonoRock",0,746,1
"rgrmon",0,747,1
"quepesao",0,748,1
"SamTrives",0,749,1
"BeatriceRosas",0,750,1
"lomejordemadrid",0,751,1
"kikobob197260",0,752,1
"ross_segura90",0,753,1
"JavierRoca11",0,754,1
"erguitarrita",0,755,1
"caliope_90",0,756,3
"ainaramtzl",0,757,1
"Ro_Rollan",9,758,1
"txoko77",0,759,2
"MariaCastilloCm",0,760,3
"Anamarsant",2,761,0
"trendinaliaES",1,762,0
"todoesperiferia",0,763,1
"alegallardo28",0,764,2
"RosanaCoresB",0,765,2
"CARMENBOSQUEA",0,766,14
"Analaurarizzo",0,767,1
"crispoza97",0,768,2
"MARIAPirima06",0,769,4
"RebaqueP",8,770,1
"vvilanovag",2,771,2
"lucasgarciasan5",0,772,1
"alba_mqz",0,773,1
"fantastikerrima",0,774,1
"amirabyrnes",0,775,1
"RebecaBas",0,776,1
"Albacion",2,777,0
"Yo_tb_quiero",0,778,3
"PaulaOstiz",0,779,1
"Bakoneth",1,780,1
"huertogeneroso",1,781,1
"reflexiones_paz",1,782,0
"Vhurtadoallegue",0,783,2
"luchifu_",0,784,1
"laurammserantes",0,785,2
"valenciano1981",1,786,0
"desconsumiendo",0,787,1
"IM_Records_",0,788,2
"ernn_sanz",0,789,1
"ElObjetivista",1,790,0
"viajandoperdido",0,791,1
"BeimHammern",2,792,0
"FdelosSentidos",0,793,1
"MDepeche",0,794,1
"CromaDay",0,795,1
"BobEstropajo",10,796,0
"mila_oreiro",0,797,1
"juanma_lz",4,798,0
"juanmonzon5",0,799,1
"SARcomunica",0,800,1
"Cristo_Rojo",0,801,5
"orgullosos_2nd",0,802,1
"AntoniaDeamo",0,803,2
"sergioglucas1",0,804,1
"MayteLozanoRub1",0,805,2
"Elenablancomart",0,806,1
"alejandro_cobos",2,807,4
"vitops29",0,808,1
"zezi_ser",1,809,0
"metam0rf0si",0,810,1
"MSCruceros",1,811,0
"josetre23",0,812,1
"trequattordici",6,813,2
"demalapeor",0,814,1
"SoyLaShey",1,815,1
"irenemilleiro",0,816,1
"KaSNaZ",0,817,1
"zurullotuit",0,818,1
"Rbarahona77",16,819,9
"ttesbot",6,820,0
"JuanfraEscudero",0,821,1
"camaro_ro",0,822,1
"mondo_sonoro",2,823,0
"andressandaza",0,824,2
"ZULU_AG",0,825,1
"doctora_quinn",0,826,1
"luiscaton",0,827,1
"mlucamo",0,828,2
"JuanG_11",0,829,1
"vicplase",0,830,2
"BermeFer",0,831,1
"rubioangel",1,832,0
"Micki_Silverio",1,833,0
"SJaramilloG",0,834,1
"miguel_aopino",0,835,2
"Charlytve",0,836,1
"Martatarta13",0,837,1
"Magda271murcia",0,838,3
"Porloscables",0,839,1
"irinaagullo",0,840,2
"TJungpa",2,841,2
"ElectricNana",2,842,5
"anothergirlLEZ",0,843,4
"cfoliyrodri",0,844,1
"nonitocl1",0,845,1
"ciconiaband",0,846,1
"TTrendingTopicc",0,847,1
"Lauri7441",0,848,1
"sara_corpus",0,849,1
"Shcomin",0,850,1
"Radiki_aspe",1,851,1
"ofiseluvivas",0,852,1
"pumuky1929",0,853,1
"mariacentrismo",0,854,1
"albhama",0,855,1
"juantonik",0,856,1
"joluga68",0,857,1
"ISABELPULIDOfic",2,858,0
"vandaloso",0,859,1
"Octubre_Music",1,860,0
"Let_calabuig",0,861,1
"iv7781",0,862,1
"ALOMA_79",0,863,2
"arkamarti",0,864,2
"david_losa",0,865,1
"PartenPiensis",0,866,1
"unbuendialounge",0,867,1
"virginiamgarc",0,868,1
"sainz_roberrazr",0,869,1
"MRomasanta",0,870,1
"mint_pennyroyal",0,871,2
"ciberardilla",0,872,1
"aniosona10",0,873,1
"JaviAltonaga",0,874,1
"altamiranolili",1,875,0
"SilencioExtatic",0,876,1
"ErikaSanzSez1",0,877,1
"98Mufasa",0,878,1
"Juanandu",0,879,1
"GAFOLITO",0,880,5
"SfgSERGIO",0,881,1
"carlossg_67",0,882,1
"LOQUILLOPANAMA",0,883,1
"fstolo",0,884,8
"jmsorore",0,885,1
"davidrubin",0,886,1
"javitic_",0,887,1
"Adelma85",0,888,1
"JaviGuerrero78",0,889,1
"DepSocAnt_UV",0,890,1
"LauraSanMartin3",0,891,1
"Lopezmariaangel",0,892,2
"ThinkCasual",3,893,0
"Belnavarroglass",0,894,1
"JustinBieberGB1",0,895,5
"MDaviz",0,896,1
"MartiRamos65",0,897,1
"noevillaquiran",0,898,1
"AlmudenaLdPozo",0,899,1
"Adrianhellin",0,900,3
"lazzazz80",0,901,1
"antonio130280",0,902,1
"gblancobailac",0,903,2
"mguixot",0,904,2
"quinorodriguez",1,905,0
"LuisFilipeSa_",0,906,1
"Ines28867",0,907,1
"pirataneko",0,908,1
"JoseLuisGarciaQ",0,909,2
"Rlm_es",0,910,1
"kohanm",0,911,2
"loladealmeria",0,912,2
"galvanguiller",0,913,1
"hayansorry",0,914,1
"jdelpinoglez",0,915,1
"mario_fogo",1,916,0
"Cris_Pla",0,917,1
"1873bego",0,918,1
"yolandaGH",0,919,1
"GloRiCa1",0,920,1
"soniaperez",0,921,2
"maesoser",0,922,1
"fmcarretero",0,923,1
"Alexiat84",0,924,1
"manuti",0,925,1
"antiacal",0,926,1
"natmarpe",0,927,1
"JosechoXP",0,928,1
"Juanjo_MV",0,929,1
"Sarydinight",0,930,1
"carmouna",3,931,1
"Luis_Javier_MG",0,932,1
"CaptainIcarus_",2,933,0
"Egidonut",0,934,1
"breakingout_",0,935,1
"NoraSagastume",0,936,2
"mmanzano",0,937,1
"Masdelamitad",0,938,6
"EddyParavicini",0,939,1
"ramontxu84",1,940,0
"juanantonj",0,941,1
"DaniPerucho",0,942,1
"jmpri",0,943,1
"NAVARROyMADRID",0,944,2
"CarolinaMalP",1,945,0
"y_iria",0,946,1
"aspesuena",0,947,1
"erpajarito",0,948,5
"albertoarquesh",0,949,1
"LuciOrtizTW",0,950,2
"jmredondo74",0,951,1
"MariaRubio7",0,952,1
"Martamirilla",0,953,1
"1d133d518030401",0,954,2
"DavidForADay",3,955,0
"mabelverso1",0,956,2
"dsvarios78",2,957,0
"nabscab",10,958,0
"evabrezmes",0,959,1
"Sara_Ortiz5",0,960,1
"salamancaplanb",0,961,1
"ClamorActual",0,962,1
"gv2024",0,963,2
"santaleman",0,964,1
"tiogijon",0,965,1
"masevilla74",0,966,2
"ikerbocos81",0,967,2
"golosuperbelen",0,968,1
"LorenaPeillet",0,969,1
"LittleDesastre",0,970,1
"Marirocavir",0,971,1
"albertogonzal92",0,972,1
"indie_a_los_40",0,973,1
"Chelocdc",0,974,1
"charollamas",0,975,1
"Flori_b21",0,976,1
"ailama11",0,977,1
"tarantino1909",0,978,1
"AinaDiazV",0,979,1
"ana_bqs",0,980,1
"MiLLaEsKeR",0,981,1
"Imonea",0,982,1
"novakdovak",0,983,1
"sar_mgomez",0,984,1
"lidiaucher",3,985,0
"Desigualdadblog",0,986,1
"gonzalo3garcia",0,987,1
"misabel002",0,988,1
"Ljimenez",0,989,1
"DepaRunner",0,990,1
"_martingarri_",0,991,1
"MGalleticag",0,992,1
"biranzo",0,993,1
"Edel_Blau",0,994,1
"hairpelopo",0,995,1
"infraSVQ",0,996,1
"sara2world",3,997,0
"RPmelgar",0,998,2
"Ontheroad_sound",0,999,1
"PozaNathalie",0,1000,1
"edualter",0,1001,1
"nuriaarma",0,1002,1
"marinaordiales",0,1003,1
"Aldodanruzf",7,1004,0
"QriFany",0,1005,1
"Vicente_Foto",1,1006,0
"mompo_navarro",0,1007,1
"Candido14C",0,1008,1
"Michellestoran_",0,1009,1
"3500M",0,1010,2
"frmat",0,1011,1
"curacandamo",0,1012,1
"HITLAFILMS",0,1013,1
"charlicster",0,1014,1
"_hannah420",0,1015,1
"mrccrm",0,1016,1
"Google_Q88",0,1017,1
"BlancaCostalesO",0,1018,1
"RODOLFOARIASL",0,1019,1
"euroXpress_news",0,1020,1
"Miroslabav",0,1021,1
"BBoulin",0,1022,1
"thearizonababy",0,1023,1
"maribelam67",0,1024,2
"niallrckme_",0,1025,1
"xcasanovasc",0,1026,1
"Dolors63",0,1027,1
"ignasivalera",0,1028,1
"Simoneta_Gallup",0,1029,2
"socofdez",0,1030,1
"europapress_tv",3,1031,0
"GemaHuesca",0,1032,1
"PacoLQ",0,1033,1
"medicusmundicat",0,1034,1
"TheIcerCompany",0,1035,1
"Crissi_86",0,1036,3
"geraguirado",0,1037,1
"Andrea_4SR",1,1038,0
"lidia_rebel",1,1039,0
"MOLOKOSOUNDCLUB",0,1040,1
"Sor_Olla",0,1041,1
"AnaArendar",0,1042,1
"paulavb_",0,1043,1
"EstelaCayon",1,1044,0
"lamazuca",0,1045,1
"RodrigJG",0,1046,1
"brenda_gdlp",0,1047,2
"Culturafricana",0,1048,1
"tipitako",0,1049,1
"MartaGuira",0,1050,1
"irenuski",0,1051,1
"unclavoardiendo",1,1052,0
"LaChicaDeSiero",0,1053,1
"nociescuenca",15,1054,0
"IzquierdaUnidaC",0,1055,1
"Gritaaaaaaa",0,1056,1
"NataliaHerce68",0,1057,2
"AlmudenaCL",0,1058,2
"Ana_PF_",0,1059,1
"TresSesentaFest",0,1060,2
"LadyShakina",0,1061,2
"CIEsNO",0,1062,1
"AsocVVJJ",0,1063,2
"IkaiAlo",0,1064,1
"Isabelgranadina",0,1065,1
"pazmdj",0,1066,1
"roenred",0,1067,1
"Vigana74",0,1068,1
"dudingo_fdez",0,1069,1
"ClarisNewLife",0,1070,1
"raqueljanaemma",0,1071,1
"SALACAMBALACHE",0,1072,1
"ANTDIADUR",0,1073,1
"escrachefiscal",0,1074,1
"GeorgyRC",0,1075,1
"REGINARO24",0,1076,1
"75YCIA",0,1077,1
"MarucoMaria",0,1078,1
"ksandrix",0,1079,1
"nachotomas",0,1080,1
"Maria_Almela",0,1081,1
"Jelen14gm",0,1082,1
"Sorisphotobooth",0,1083,1
"sobecori88",0,1084,1
"bozkita",0,1085,1
"ZERCAYLEJOS",0,1086,1
"Eride77",0,1087,1
"pcamarapilar",0,1088,1
"margagr1",0,1089,1
"Ninfadefatima",0,1090,1
"EconomiaJusta",4,1091,1
"merchemermar",0,1092,1
"cdelrio75",0,1093,1
"agoraalcor",0,1094,1
"ACPP_Asturias",0,1095,1
"AIETIcomunica",0,1096,1
"Viclulu_",0,1097,1
"javi_sj",0,1098,1
"DianageehdzGee",0,1099,1
"_VetustaMorlaF",0,1100,1
"yaku19",0,1101,1
"Carsan_z",0,1102,1
"jorgebrotons",0,1103,1
"iskun1",0,1104,1
"ximecovaleda",0,1105,1
"manpascu",0,1106,1
"VicFlipasPipas",0,1107,1
"sal_en_la_boca",0,1108,1
"miguelpearroya",0,1109,1
"joakojoaks",0,1110,1
"OxfamenPeru",0,1111,1
"ismaelbuch12",0,1112,1
"zergalari",0,1113,1
"yaogiha",0,1114,1
"pm662015",0,1115,1
"zalaka11",0,1116,1
"lularoal",0,1117,1
"RosaMMartin11",0,1118,1
"46sonieja",0,1119,1
"MacacoMusic",0,1120,3
"sararias",0,1121,1
"ManosUnidasVlc",1,1122,0
"sanchez5417",0,1123,1
"ivanlimapintos",0,1124,1
"marta_cl",0,1125,1
"FerRodriiguez",0,1126,2
"rubicitotuitero",1,1127,0
"Paul_Ruiz93",0,1128,1
"Chema_Vera",0,1129,1
"leomartinsdias",0,1130,1
"degonal1",0,1131,1
"clausloredo",0,1132,1
"amigakarla20",0,1133,1
"osozamup",0,1134,1
"rocio2014666",0,1135,1
"AvilesGarc",0,1136,2
"Cp13lusma",0,1137,1
"aticanete",0,1138,1
"vadocondes1",0,1139,1
"La_Buena_Gente",0,1140,1
"silviacaban",0,1141,1
"Nuriachurch",0,1142,1
"mcarreg",1,1143,0
"vir_bor",0,1144,1
"manute07",0,1145,1
"virdelmar",0,1146,1
"Little_Harley_Q",0,1147,1
"Riquero98",0,1148,1
"Estrella_staff",0,1149,1
"GoslingDrive",0,1150,1
"WendyMartinez_P",0,1151,1
"jcarlosgonz",0,1152,1
"sweetmachuco",0,1153,1
"MarcDorian",0,1154,1
"ConchaBeeFe",0,1155,1
"paquitp76",0,1156,1
"BelenRiizzii",1,1157,0
"GigeMili",0,1158,1
"IriaCrespo",0,1159,1
"prheras",0,1160,1
"roja_nadia",0,1161,1
"PezGema",0,1162,1
"naigrin",0,1163,1
"AGoDeVi",0,1164,1
"minnievargas0",0,1165,1
"erodriguezgar",0,1166,1
"miguel_poza",0,1167,1
"romanadelcaribe",0,1168,1
"anamferg",0,1169,1
"asoc_demeter",0,1170,1
"07danielamado",0,1171,1
"marietampx",0,1172,1
"Beforesunsetmon",0,1173,1
"cbelen8",0,1174,1
"obicamps",0,1175,1
"profetecnolorca",0,1176,2
"Maite_gcia",0,1177,1
"AntoniaAlcaideL",0,1178,1
"ciudadano82",0,1179,1
"Wallys_Sanchez",3,1180,0
"SantyFernandez1",0,1181,1
"GonzViveros",0,1182,1
"guayo900",0,1183,1
"fundaciguales",0,1184,1
"Lou_delavega",0,1185,1
"smashingtarii",0,1186,1
"jofralo05",0,1187,1
"BoletusEdulius",0,1188,1
"diosanga",0,1189,1
"riccardodemidio",0,1190,1
"brunat_p",0,1191,1
"escpacientes",3,1192,0
"miguemugo",0,1193,1
"CruzadoConchi",0,1194,1
"aelinegm",0,1195,2
"mangelesprieto",0,1196,1
"analani",3,1197,0
"kamikazeproyect",2,1198,0
"piroska_pe",0,1199,1
"Mnl_Beas",0,1200,1
"teretetediaz",2,1201,0
"lo1160",0,1202,1
"Bolacha79",0,1203,1
"monialifer",0,1204,1
"felixblancoes",0,1205,1
"AlkaidRevista",0,1206,1
"AchoPijoGuear",2,1207,0
"Bribriblibli95",1,1208,0
"Kioskos_PGaitan",0,1209,1
"2Lcarme",0,1210,1
"Xabiusller",0,1211,1
"evitagarzon",0,1212,1
"mercegar",0,1213,1
"Carmen72577232",0,1214,1
"inesgarjim",3,1215,0
"ratamala",0,1216,1
"Kiara_Nymeria",0,1217,1
"mmanriqueordax",0,1218,1
